{
  "updateBooking" : {
    "transaction" : "updateBooking",
    "sampleCount" : 100,
    "errorCount" : 0,
    "errorPct" : 0.0,
    "meanResTime" : 320.6700000000002,
    "medianResTime" : 319.0,
    "minResTime" : 303.0,
    "maxResTime" : 346.0,
    "pct1ResTime" : 334.9,
    "pct2ResTime" : 340.0,
    "pct3ResTime" : 345.98,
    "throughput" : 10.2880658436214,
    "receivedKBytesPerSec" : 9.276941872427983,
    "sentKBytesPerSec" : 4.792390046296296
  },
  "auth" : {
    "transaction" : "auth",
    "sampleCount" : 100,
    "errorCount" : 0,
    "errorPct" : 0.0,
    "meanResTime" : 1295.5699999999995,
    "medianResTime" : 1263.5,
    "minResTime" : 1186.0,
    "maxResTime" : 1862.0,
    "pct1ResTime" : 1351.0,
    "pct2ResTime" : 1718.9999999999984,
    "pct3ResTime" : 1861.5499999999997,
    "throughput" : 9.14662032379036,
    "receivedKBytesPerSec" : 6.952860605506266,
    "sentKBytesPerSec" : 2.1794681240281717
  },
  "Total" : {
    "transaction" : "Total",
    "sampleCount" : 400,
    "errorCount" : 0,
    "errorPct" : 0.0,
    "meanResTime" : 712.3699999999998,
    "medianResTime" : 481.0,
    "minResTime" : 297.0,
    "maxResTime" : 1862.0,
    "pct1ResTime" : 1271.0,
    "pct2ResTime" : 1296.8,
    "pct3ResTime" : 1787.3800000000006,
    "throughput" : 31.913196106590075,
    "receivedKBytesPerSec" : 516.3382163016595,
    "sentKBytesPerSec" : 10.253360858464974
  },
  "getBooking" : {
    "transaction" : "getBooking",
    "sampleCount" : 100,
    "errorCount" : 0,
    "errorPct" : 0.0,
    "meanResTime" : 916.8200000000005,
    "medianResTime" : 942.0,
    "minResTime" : 616.0,
    "maxResTime" : 1046.0,
    "pct1ResTime" : 981.7,
    "pct2ResTime" : 992.5999999999999,
    "pct3ResTime" : 1045.7599999999998,
    "throughput" : 9.95123892924669,
    "receivedKBytesPerSec" : 618.2500668598866,
    "sentKBytesPerSec" : 1.3313669270574187
  },
  "createBooking" : {
    "transaction" : "createBooking",
    "sampleCount" : 100,
    "errorCount" : 0,
    "errorPct" : 0.0,
    "meanResTime" : 316.4200000000001,
    "medianResTime" : 316.0,
    "minResTime" : 297.0,
    "maxResTime" : 342.0,
    "pct1ResTime" : 326.0,
    "pct2ResTime" : 331.95,
    "pct3ResTime" : 341.99,
    "throughput" : 10.29654036243822,
    "receivedKBytesPerSec" : 9.555269898064251,
    "sentKBytesPerSec" : 4.6052885605436575
  }
}